#population	n	freq_A	freq_AB	freq_B	freq_O	n_A	n_AB	n_B	n_O	f_A	f_AB	f_B	f_O	ci_A	ci_AB	ci_B	ci_O
african	6497	41.7% [40.5%, 42.9%]	8.9% [8.2%, 9.6%]	15.6% [14.7%, 16.5%]	26.7% [25.7%, 27.8%]	2709	578	1014	1737	0.416961674619055	0.0889641372941358	0.156072033246114	0.267354163460058	0.0119893671252712	0.00692268962041037	0.00882500320225768	0.0107619298488831
e_asian	1154	27.5% [24.9%, 30.0%]	7.1% [5.6%, 8.6%]	26.3% [23.7%, 28.8%]	38.5% [35.7%, 41.3%]	317	82	303	444	0.274696707105719	0.0710571923743501	0.262564991334489	0.38474870017331	0.0257537050914571	0.0148235313775841	0.0253882901159099	0.0280716549853201
e_asian_outlier	618	31.9% [28.2%, 35.6%]	8.7% [6.5%, 11.0%]	28.3% [24.8%, 31.9%]	30.4% [26.8%, 34.0%]	197	54	175	188	0.318770226537217	0.087378640776699	0.283171521035599	0.3042071197411	0.0367407078933453	0.0222643382115554	0.0355217412294676	0.0362732535105827
non_british_white	24905	37.5% [36.9%, 38.1%]	3.9% [3.7%, 4.1%]	11.4% [11.0%, 11.8%]	47.0% [46.3%, 47.6%]	9330	972	2849	11693	0.374623569564345	0.0390283075687613	0.114394699859466	0.46950411563943	0.00601147578139359	0.0024052374380898	0.00395308227563231	0.00619831309010598
s_asian	7885	23.7% [22.8%, 24.6%]	8.8% [8.2%, 9.4%]	34.1% [33.0%, 35.1%]	32.7% [31.6%, 33.7%]	1869	692	2687	2577	0.237032339885859	0.0877615726062143	0.340773620798985	0.326823081800888	0.00938668165765222	0.00624541931770177	0.0104617778950277	0.0103532378463123
s_asian_outlier	77	24.7% [15.0%, 34.3%]	3.9% [-0.4%, 8.2%]	33.8% [23.2%, 44.3%]	37.7% [26.8%, 48.5%]	19	3	26	29	0.246753246753247	0.038961038961039	0.337662337662338	0.376623376623377	0.0962965617176835	0.0432211651967145	0.10563108619696	0.10822799209066
white_british	337138	42.0% [41.8%, 42.2%]	3.1% [3.0%, 3.1%]	8.5% [8.4%, 8.6%]	46.1% [46.0%, 46.3%]	141587	10355	28705	155580	0.419967491057075	0.0307144255468087	0.0851431757915156	0.461472750031145	0.00166604306319166	0.000582437449617205	0.00094211454074487	0.0016827867769628
NA	110103	40.3% [40.0%, 40.6%]	3.7% [3.6%, 3.8%]	10.4% [10.2%, 10.5%]	44.2% [43.9%, 44.5%]	44401	4034	11405	48670	0.403267849195753	0.036638420388182	0.103584825118298	0.442040634678437	0.00289763056022999	0.00110973562180042	0.00179994470508986	0.00293351881356434
