#population	haplotype	ABO_allele	ABO_allele_full	n	frequency	SE
white_british	GAA	A	A1	124606	0.1848	0.00356797714189313
white_british	TAG	B	B	40396	0.05991	0.00530329445695683
white_british	GAG	A	A2	49424	0.0733	0.00486914651104219
white_british	GGG	O	O	459115	0.6809	0.00358412762463224
non_british_white	GAA	A	A1	8423	0.1691	0.0133938843265232
non_british_white	TAG	B	B	4019	0.08068	0.0172254667248589
non_british_white	GAG	A	A2	3254	0.06533	0.0188014164291506
non_british_white	GGG	O	O	34065	0.6839	0.013140854865989
african	GAA	A	A1	1196	0.09208	0.0320068854953661
african	TAG	B	B	1774	0.1365	0.0278480658788559
african	GAG	A	A2	2718	0.2092	0.0251498575632086
african	TGG	NA	NA	470	0.03616	0.047897766340891
african	GGG	O	O	6824	0.5252	0.0567097777716209
s_asian	GAA	A	A1	2246	0.1424	0.0249525770781055
s_asian	TAG	B	B	3890	0.2467	0.0225251133897814
s_asian	GAG	A	A2	545	0.03457	0.0443907292075424
s_asian	GGG	O	O	9030	0.5726	0.0319656534073721
e_asian	GAA	A	A1	415	0.1799	0.0613350440029371
e_asian	TAG	B	B	418	0.1809	0.0612610469192478
e_asian	GGG	O	O	1464	0.6344	0.0663994331823648
Chinese	GAA	A	A1	525	0.1851	0.0549780417706488
Chinese	TAG	B	B	532	0.1873	0.0548461285574005
Chinese	GGG	O	O	1766	0.6222	0.0617749250081102
Indian	GAA	A	A1	1480	0.1446	0.0308332594699797
Indian	TAG	B	B	2536	0.2478	0.0279601246815579
Indian	GAG	A	A2	388	0.03787	0.0528363200335064
Indian	GGG	O	O	5793	0.5661	0.0412730668631458
Pakistani	GAA	A	A1	485	0.1532	0.0545205991524161
Pakistani	TAG	B	B	819	0.2586	0.0502975294684072
Pakistani	GAG	A	A2	95	0.03006	0.105733802866355
Pakistani	GGG	O	O	1754	0.5539	0.0810436612672064
Bangladeshi	GAA	A	A1	60	0.1435	0.152911850355969
Bangladeshi	TAG	B	B	98	0.2344	0.138613018895482
Bangladeshi	GAG	A	A2	6	0.01443	0.413178554851021
Bangladeshi	GGG	O	O	252	0.6028	0.171157401344904
